url,title
https://pureleven.com/products/aromatic-true-cinnamon-ceylon-100g,Aromatic True Cinnamon (Ceylon) - 100g | Organic Pure Leven
https://pureleven.com/products/aromatic-true-cinnamon-ceylon-200g,Aromatic True Cinnamon (Ceylon) - 200g | Organic Pure Leven
https://pureleven.com/products/cardamom-100g-black-pepper-200g-clove-100g-3-in-1-spice-combo-pack,3-in-1 Spice Combo 100g/200g/100g | Organic Pure Leven
https://pureleven.com/products/cardamom-50g-black-pepper-100g-clove-100g-3-in-1-spice-combo-pack,3-in-1 Spice Combo 50g/100g/100g | Organic Pure Leven
https://pureleven.com/products/kerala-black-pepper-100gm,Kerala Black Pepper - 100gm | Organic Pure Leven
https://pureleven.com/products/kerala-black-pepper-200gm,Kerala Black Pepper - 200gm | Organic Pure Leven
https://pureleven.com/products/kerala-black-pepper-300gm,Kerala Black Pepper - 300gm | Organic Pure Leven
https://pureleven.com/products/kerala-black-pepper-500gm,Kerala Black Pepper - 500gm | Organic Pure Leven
https://pureleven.com/products/kerala-cardamom-500gm,Kerala Cardamom - 500gm | Organic Pure Leven
https://pureleven.com/products/kerala-cardamom-50gm,Kerala Cardamom - 50gm | Organic Pure Leven
https://pureleven.com/products/kerala-cardamom-8mm-200gm,Kerala Cardamom 8mm - 200gm | Organic Pure Leven
https://pureleven.com/products/kerala-cardamom-8mm-fruit-100gm,Kerala Cardamom 8mm Fruit - 100gm | Organic Pure Leven
https://pureleven.com/products/kerala-clove-100gm,Kerala Adimali Clove -100gm | Organic Pure Leven
https://pureleven.com/products/kerala-clove-200gm,Kerala Adimali Clove -200gm | Organic Pure Leven
https://pureleven.com/products/kerala-white-pepper-100gm,Kerala White Pepper - 100 gm | Organic Pure Leven
https://pureleven.com/products/premium-cassia-cinnamon-100g,Premium Cassia Cinnamon - 100g | Organic Pure Leven
https://pureleven.com/products/premium-cassia-cinnamon-200g,Premium Cassia Cinnamon - 200gm | Organic Pure Leven
